student_id,department,previous_gpa,algorithms_internal,algorithms_external,algorithms_attendance,data_structures_internal,data_structures_external,data_structures_attendance,database_systems_internal,database_systems_external,database_systems_attendance,operating_systems_internal,operating_systems_external,operating_systems_attendance,software_engineering_internal,software_engineering_external,software_engineering_attendance,dsa_lab_internal,dsa_lab_external,dsa_lab_attendance,dbms_lab_internal,dbms_lab_external,dbms_lab_attendance,computer_networks_lab_internal,computer_networks_lab_external,computer_networks_lab_attendance,computer_graphics_lab_internal,computer_graphics_lab_external,computer_graphics_lab_attendance,data_science_lab_internal,data_science_lab_external,data_science_lab_attendance,attendance_rate,performance_score,performance_band,at_risk
8027c5cf-cec0-4f2e-97d6-980f5e339f67,CSE,9.04,19.0,58.0,83.23,18.0,55.0,84.97,26.0,58.0,85.97,23.0,59.0,88.31,25.0,57.0,90.71,15.0,21.0,72.99,17.0,27.0,95.45,15.0,29.0,95.0,18.0,26.0,95.71,13.0,23.0,74.29,88.66,80.27,High,No
97fa4b7f-0c5c-44f1-8c4d-3ceb52f621b9,CSE,7.56,15.0,50.0,76.93,19.0,47.0,69.15,22.0,55.0,82.55,21.0,49.0,75.07,22.0,48.0,72.33,11.0,25.0,80.83,15.0,25.0,82.87,14.0,22.0,80.04,14.0,26.0,87.95,15.0,25.0,88.1,84.12,72.0,Medium,No
dad44bdd-f988-4d4f-bcb2-b75c1b6845f1,CSE,5.95,14.0,45.0,64.96,17.0,40.0,64.3,14.0,42.0,53.02,19.0,49.0,68.94,16.0,39.0,58.86,12.0,18.0,59.82,10.0,16.0,64.85,10.0,23.0,74.48,10.0,20.0,67.89,12.0,20.0,77.16,67.47,59.47,Medium,No
6ed0d319-ee89-423f-8309-8ccf9d369c60,CSE,5.93,18.0,42.0,69.46,19.0,41.0,68.33,16.0,39.0,61.91,20.0,42.0,56.05,17.0,54.0,78.94,11.0,16.0,68.78,9.0,18.0,66.61,10.0,17.0,62.22,9.0,19.0,61.64,13.0,20.0,76.56,85.64,60.0,Medium,No
c042156b-0536-4ba3-9ce9-da67c84ad9cc,CSE,5.0,13.0,44.0,67.98,20.0,46.0,71.72,19.0,46.0,70.08,13.0,35.0,54.09,11.0,36.0,59.29,9.0,15.0,54.54,8.0,16.0,53.01,11.0,22.0,69.27,8.0,17.0,53.2,8.0,17.0,50.0,78.26,55.2,Medium,No
ad966cda-6628-4925-9fab-83715b5d1bc2,CSE,6.48,17.0,41.0,66.94,19.0,45.0,70.21,18.0,47.0,66.35,17.0,46.0,62.75,16.0,40.0,58.79,12.0,22.0,64.84,12.0,17.0,51.64,13.0,20.0,71.77,9.0,19.0,59.63,14.0,20.0,71.99,91.7,61.87,Medium,No
f9c9455c-052a-4bcf-bbd8-dd1195a8e118,CSE,6.34,14.0,42.0,56.97,17.0,56.0,72.27,18.0,54.0,73.6,16.0,41.0,60.91,20.0,46.0,70.61,12.0,22.0,76.48,13.0,18.0,74.49,12.0,16.0,50.55,13.0,18.0,66.83,11.0,23.0,72.5,91.27,64.27,Medium,No
09b9b851-ba85-4196-b35d-eb1f7fabcfde,CSE,8.17,24.0,56.0,84.99,27.0,58.0,85.04,23.0,54.0,79.63,23.0,52.0,77.02,22.0,49.0,79.14,12.0,25.0,83.28,11.0,22.0,62.28,16.0,24.0,86.86,16.0,25.0,90.96,12.0,22.0,73.44,79.11,76.4,High,No
89f22657-df97-40e8-b192-afaf432e814d,CSE,4.71,12.0,31.0,50.0,13.0,38.0,50.0,17.0,40.0,61.49,16.0,40.0,60.46,16.0,43.0,72.67,11.0,16.0,51.7,11.0,18.0,58.0,12.0,16.0,57.72,10.0,20.0,64.76,8.0,13.0,57.07,79.85,53.47,Medium,No
ba0870c0-e775-401b-a433-204680a63496,CSE,7.83,24.0,55.0,91.07,19.0,53.0,72.96,19.0,57.0,84.0,28.0,60.0,92.48,18.0,57.0,73.63,15.0,20.0,74.97,15.0,23.0,85.13,17.0,23.0,84.86,13.0,22.0,75.19,13.0,27.0,76.71,77.45,77.07,High,No
fdb01ef0-3560-49fb-ad22-2138961bf902,CSE,5.14,13.0,37.0,53.03,12.0,38.0,59.5,13.0,31.0,54.26,15.0,36.0,59.24,14.0,41.0,69.92,11.0,17.0,63.34,8.0,19.0,52.95,8.0,14.0,50.0,7.0,15.0,50.0,8.0,13.0,50.0,78.06,49.33,Low,Yes
5c8f10e3-f7fc-45f4-9ee3-3d0619bcf44a,CSE,6.91,17.0,50.0,74.36,16.0,37.0,63.01,13.0,42.0,50.0,15.0,40.0,55.1,12.0,38.0,50.0,10.0,19.0,66.18,10.0,20.0,64.55,9.0,17.0,51.09,12.0,21.0,76.75,13.0,20.0,71.52,74.82,57.47,Medium,No
1d1f00ba-82d1-41e0-8ad4-ca7536481cb2,CSE,6.27,17.0,53.0,77.09,17.0,43.0,67.42,15.0,45.0,78.38,17.0,43.0,66.07,18.0,56.0,83.96,10.0,19.0,67.3,9.0,20.0,60.37,12.0,19.0,65.68,12.0,18.0,63.2,13.0,19.0,69.9,91.06,63.33,Medium,No
39e63803-eb1e-4b19-b89a-827d1118af49,CSE,6.92,18.0,47.0,76.33,19.0,52.0,79.04,18.0,47.0,72.78,17.0,44.0,69.25,21.0,50.0,75.81,9.0,20.0,67.41,11.0,20.0,68.25,11.0,24.0,64.23,11.0,25.0,79.1,12.0,19.0,58.03,74.49,66.0,Medium,No
43807b35-ba2d-4e09-ae54-164caf13ee5a,CSE,8.2,23.0,62.0,92.11,20.0,50.0,72.65,24.0,64.0,91.79,20.0,51.0,77.95,23.0,64.0,89.67,12.0,25.0,71.34,13.0,23.0,72.52,13.0,27.0,81.25,15.0,21.0,80.59,17.0,24.0,88.63,71.62,78.8,High,No
9544d516-2911-4739-9498-ce673ddd5a48,CSE,7.66,19.0,45.0,73.3,21.0,54.0,82.7,21.0,49.0,70.68,22.0,45.0,68.87,17.0,56.0,83.22,13.0,24.0,76.61,10.0,23.0,68.2,14.0,24.0,85.97,14.0,21.0,77.24,11.0,22.0,71.58,75.88,70.0,Medium,No
5a11ef1f-846d-460f-9a9a-2afa8f24a878,CSE,5.7,18.0,40.0,64.22,13.0,35.0,51.95,14.0,41.0,58.9,18.0,42.0,70.16,15.0,39.0,50.0,12.0,18.0,73.72,10.0,20.0,59.69,10.0,19.0,62.15,9.0,19.0,54.9,9.0,20.0,67.49,74.78,56.13,Medium,No
165e1d6e-467c-496e-97a0-338432b83258,CSE,6.75,25.0,57.0,90.72,27.0,58.0,81.95,18.0,55.0,86.17,21.0,48.0,77.83,25.0,53.0,74.41,12.0,22.0,73.64,12.0,23.0,73.96,11.0,25.0,73.66,13.0,24.0,81.56,11.0,24.0,72.89,70.99,75.2,High,No
498fe7e4-6f73-4c3f-806b-6488bf5b6363,CSE,7.07,18.0,47.0,59.36,18.0,47.0,76.78,18.0,43.0,68.78,18.0,45.0,70.28,21.0,48.0,65.33,16.0,23.0,80.28,12.0,21.0,73.54,15.0,24.0,82.86,10.0,22.0,60.83,17.0,22.0,79.62,79.8,67.33,Medium,No
3305f590-c579-42e4-85cc-b1972dc8ab4a,CSE,6.02,17.0,49.0,73.45,19.0,39.0,58.07,16.0,37.0,63.35,17.0,41.0,56.42,14.0,43.0,75.21,10.0,16.0,58.88,11.0,16.0,55.83,12.0,20.0,71.22,12.0,21.0,75.01,12.0,18.0,61.75,71.53,58.67,Medium,No
33ff9673-4cef-4aa8-9bee-7ec466f7903e,CSE,6.58,17.0,55.0,74.0,18.0,44.0,62.41,21.0,49.0,69.22,17.0,45.0,74.29,16.0,39.0,66.39,11.0,20.0,68.57,9.0,21.0,65.11,10.0,22.0,63.05,13.0,20.0,72.54,11.0,18.0,65.84,66.75,63.47,Medium,No
7f0cb03f-4f9c-47ea-a837-01fb31abcc7d,CSE,5.76,14.0,41.0,56.18,16.0,50.0,73.22,19.0,45.0,69.82,15.0,41.0,60.91,19.0,46.0,63.08,11.0,19.0,66.48,11.0,17.0,66.86,14.0,22.0,83.27,11.0,18.0,53.62,10.0,21.0,62.47,60.69,61.33,Medium,No
2b7aea26-062b-4f25-afec-f8f92e50a817,CSE,7.61,16.0,46.0,64.68,18.0,46.0,73.99,24.0,51.0,74.12,15.0,48.0,64.14,19.0,44.0,66.65,14.0,19.0,67.72,10.0,21.0,67.0,14.0,23.0,74.19,11.0,23.0,71.24,14.0,24.0,82.17,85.74,66.67,Medium,No
1427348f-e780-40d2-887b-d4863f8177a5,CSE,6.83,18.0,43.0,74.55,21.0,46.0,71.53,13.0,38.0,57.01,20.0,45.0,64.2,16.0,50.0,79.16,12.0,21.0,66.91,9.0,19.0,60.13,9.0,17.0,60.24,9.0,16.0,62.24,12.0,19.0,61.84,79.81,60.4,Medium,No
274be621-0b0e-44a3-81a3-8aca87ff3f51,CSE,6.27,25.0,55.0,83.04,22.0,49.0,77.79,22.0,64.0,87.83,23.0,50.0,81.9,25.0,54.0,79.11,12.0,26.0,86.68,14.0,22.0,74.24,14.0,25.0,84.42,14.0,22.0,81.14,16.0,26.0,92.48,80.42,77.33,High,No
f9d071ba-1d5e-4c0c-b7f9-77d13e178fa9,CSE,7.84,27.0,58.0,93.36,17.0,55.0,78.02,17.0,53.0,69.58,26.0,56.0,93.13,27.0,57.0,88.49,14.0,29.0,84.14,17.0,24.0,97.6,14.0,26.0,83.05,12.0,24.0,79.66,14.0,21.0,78.97,94.78,78.4,High,No
0707371d-f1a8-4058-8132-eb3720408a68,CSE,6.71,23.0,57.0,84.24,17.0,46.0,67.82,20.0,59.0,81.19,18.0,55.0,76.56,25.0,54.0,81.39,13.0,27.0,84.43,13.0,23.0,78.72,13.0,23.0,68.7,13.0,22.0,83.31,16.0,23.0,82.44,96.7,74.67,Medium,No
fddb20a1-fa14-4781-9f1b-5b9ad2b0b65d,CSE,6.77,21.0,48.0,81.67,15.0,43.0,62.33,16.0,41.0,57.51,21.0,51.0,77.64,16.0,39.0,54.91,14.0,20.0,75.0,11.0,20.0,66.25,11.0,24.0,75.43,9.0,19.0,64.24,11.0,19.0,55.79,66.14,62.53,Medium,No
8b4d1e14-1487-427d-a3f1-69cc9bbc56d1,CSE,6.72,18.0,43.0,67.51,19.0,49.0,70.85,17.0,50.0,79.81,19.0,46.0,77.35,16.0,51.0,74.8,10.0,19.0,59.9,13.0,20.0,69.15,14.0,21.0,70.18,10.0,17.0,53.78,12.0,17.0,64.79,100.0,64.13,Medium,No
a8592182-887d-49e4-b70a-119cb12da748,CSE,7.06,20.0,55.0,92.18,17.0,45.0,67.63,23.0,50.0,83.77,21.0,51.0,75.12,20.0,59.0,83.49,0.0,0.0,0.0,0.0,0.0,0.0,0.0,0.0,0.0,0.0,0.0,0.0,0.0,0.0,0.0,80.32,72.2,Medium,No
6843da98-4e7f-4959-9a87-21216c57fa17,CSE,7.09,20.0,54.0,75.53,20.0,47.0,72.69,24.0,54.0,80.93,26.0,55.0,80.98,19.0,58.0,82.57,0.0,0.0,0.0,0.0,0.0,0.0,0.0,0.0,0.0,0.0,0.0,0.0,0.0,0.0,0.0,74.73,75.4,High,No
0e1214b1-6a8b-4577-8806-60ef6b215117,CSE,6.06,18.0,44.0,69.04,15.0,37.0,58.74,17.0,45.0,66.94,16.0,34.0,53.2,21.0,47.0,77.66,0.0,0.0,0.0,0.0,0.0,0.0,0.0,0.0,0.0,0.0,0.0,0.0,0.0,0.0,0.0,89.91,58.8,Medium,No
1b665cfd-4b70-4f3f-8ea1-f48668029ca9,CSE,6.52,18.0,57.0,83.42,18.0,55.0,76.64,21.0,59.0,82.75,19.0,60.0,80.3,20.0,50.0,74.09,0.0,0.0,0.0,0.0,0.0,0.0,0.0,0.0,0.0,0.0,0.0,0.0,0.0,0.0,0.0,70.08,75.4,High,No
c7a00a9b-2f60-4bee-9a68-c46b79638df5,CSE,8.53,24.0,55.0,93.86,18.0,54.0,78.62,25.0,56.0,96.41,17.0,45.0,72.31,21.0,48.0,64.02,0.0,0.0,0.0,0.0,0.0,0.0,0.0,0.0,0.0,0.0,0.0,0.0,0.0,0.0,0.0,65.82,72.6,Medium,No
4356ca9a-92fa-4948-bf45-942b7f72f8c1,CSE,5.8,16.0,40.0,59.64,19.0,44.0,61.47,20.0,43.0,63.9,14.0,43.0,54.29,21.0,47.0,70.98,0.0,0.0,0.0,0.0,0.0,0.0,0.0,0.0,0.0,0.0,0.0,0.0,0.0,0.0,0.0,99.85,61.4,Medium,No
d6278a9e-a2f6-45c2-b60f-b72b24a40b1a,CSE,7.48,23.0,64.0,94.09,27.0,63.0,99.21,21.0,51.0,75.11,21.0,55.0,81.07,23.0,51.0,69.67,0.0,0.0,0.0,0.0,0.0,0.0,0.0,0.0,0.0,0.0,0.0,0.0,0.0,0.0,0.0,82.14,79.8,High,No
37314bc4-9c4d-46cf-b738-cea6979d4a77,CSE,5.97,18.0,39.0,67.93,15.0,40.0,62.59,20.0,52.0,82.4,18.0,38.0,59.42,17.0,48.0,71.18,0.0,0.0,0.0,0.0,0.0,0.0,0.0,0.0,0.0,0.0,0.0,0.0,0.0,0.0,0.0,95.77,61.0,Medium,No
08f51203-a828-417d-b907-ecc5808e10e4,CSE,5.32,13.0,29.0,50.27,12.0,30.0,50.0,14.0,37.0,59.67,14.0,30.0,50.0,16.0,36.0,57.56,0.0,0.0,0.0,0.0,0.0,0.0,0.0,0.0,0.0,0.0,0.0,0.0,0.0,0.0,0.0,84.08,46.2,Low,Yes
5a19eb74-6cf9-4f12-8240-50a1a3e67ece,CSE,6.39,18.0,55.0,71.41,16.0,50.0,71.21,15.0,45.0,64.75,25.0,53.0,79.09,19.0,51.0,72.42,0.0,0.0,0.0,0.0,0.0,0.0,0.0,0.0,0.0,0.0,0.0,0.0,0.0,0.0,0.0,83.27,69.4,Medium,No
d9d22278-1b23-4fe0-9c2a-f4ee32865c27,CSE,5.07,13.0,38.0,57.81,13.0,43.0,60.26,19.0,47.0,78.88,18.0,43.0,66.53,20.0,43.0,63.11,0.0,0.0,0.0,0.0,0.0,0.0,0.0,0.0,0.0,0.0,0.0,0.0,0.0,0.0,0.0,95.72,59.4,Medium,No
5d93186f-1f97-4db2-a567-57323af76b3e,CSE,6.15,15.0,43.0,60.22,22.0,48.0,76.75,21.0,47.0,64.36,18.0,38.0,56.35,14.0,42.0,64.19,0.0,0.0,0.0,0.0,0.0,0.0,0.0,0.0,0.0,0.0,0.0,0.0,0.0,0.0,0.0,69.78,61.6,Medium,No
96a808df-fdf8-4d5d-8ca1-7af848081534,CSE,8.1,25.0,53.0,78.53,26.0,60.0,88.55,19.0,55.0,86.44,25.0,56.0,94.0,23.0,49.0,87.86,0.0,0.0,0.0,0.0,0.0,0.0,0.0,0.0,0.0,0.0,0.0,0.0,0.0,0.0,0.0,92.77,78.2,High,No
bc3a4d67-f20f-4b08-8038-4420a3ef79af,CSE,7.14,20.0,46.0,78.43,22.0,51.0,85.1,19.0,57.0,71.46,22.0,48.0,73.4,20.0,51.0,79.4,0.0,0.0,0.0,0.0,0.0,0.0,0.0,0.0,0.0,0.0,0.0,0.0,0.0,0.0,0.0,73.05,71.2,Medium,No
e31d24fa-7597-4c9f-825f-cf77a3fc72af,CSE,7.28,17.0,46.0,72.19,21.0,50.0,77.83,22.0,51.0,68.99,24.0,53.0,86.4,17.0,51.0,64.53,0.0,0.0,0.0,0.0,0.0,0.0,0.0,0.0,0.0,0.0,0.0,0.0,0.0,0.0,0.0,72.68,70.4,Medium,No
cb259b57-c1c9-4afe-afae-083f72331a27,CSE,6.36,17.0,50.0,81.69,20.0,55.0,78.12,15.0,44.0,61.36,20.0,55.0,84.33,21.0,57.0,94.92,0.0,0.0,0.0,0.0,0.0,0.0,0.0,0.0,0.0,0.0,0.0,0.0,0.0,0.0,0.0,82.14,70.8,Medium,No
ad788c1b-4c24-4974-ac04-d6f2f54c7ee8,CSE,3.94,13.0,30.0,55.32,11.0,33.0,50.0,10.0,29.0,50.0,9.0,32.0,50.0,14.0,37.0,54.95,0.0,0.0,0.0,0.0,0.0,0.0,0.0,0.0,0.0,0.0,0.0,0.0,0.0,0.0,0.0,94.49,43.6,Low,Yes
ef032f0a-c611-4577-ab5f-fd937ec59c95,CSE,9.95,25.0,70.0,100.0,27.0,56.0,85.28,30.0,66.0,98.19,27.0,64.0,99.04,25.0,66.0,93.03,0.0,0.0,0.0,0.0,0.0,0.0,0.0,0.0,0.0,0.0,0.0,0.0,0.0,0.0,0.0,89.83,91.2,High,No
7e179a53-53b4-4eaf-a130-b166ee607f60,CSE,6.44,17.0,40.0,66.86,17.0,51.0,78.64,15.0,50.0,67.44,21.0,46.0,70.78,18.0,38.0,50.0,0.0,0.0,0.0,0.0,0.0,0.0,0.0,0.0,0.0,0.0,0.0,0.0,0.0,0.0,0.0,78.43,62.6,Medium,No
a209f61a-8ee7-49b0-9426-1a9a72ec297c,CSE,8.82,20.0,59.0,94.57,28.0,62.0,97.96,23.0,57.0,78.51,27.0,65.0,93.52,23.0,66.0,88.33,0.0,0.0,0.0,0.0,0.0,0.0,0.0,0.0,0.0,0.0,0.0,0.0,0.0,0.0,0.0,70.44,86.0,High,No
7f61bb72-5736-43a4-8396-ff891c27cc82,CSE,4.52,13.0,30.0,53.46,13.0,29.0,50.0,11.0,32.0,50.0,12.0,39.0,62.83,14.0,36.0,54.84,0.0,0.0,0.0,0.0,0.0,0.0,0.0,0.0,0.0,0.0,0.0,0.0,0.0,0.0,0.0,87.88,45.8,Low,Yes
ef179d77-40c9-4625-a622-47f4f3602254,CSE,6.5,22.0,51.0,84.28,18.0,47.0,62.44,18.0,50.0,62.28,18.0,48.0,73.09,19.0,57.0,86.29,0.0,0.0,0.0,0.0,0.0,0.0,0.0,0.0,0.0,0.0,0.0,0.0,0.0,0.0,0.0,87.09,69.6,Medium,No
9fee584b-ea6e-43d2-88ea-5e81c5ba4b9d,CSE,8.74,23.0,54.0,71.79,20.0,57.0,89.4,20.0,61.0,91.35,25.0,68.0,98.55,24.0,63.0,89.21,0.0,0.0,0.0,0.0,0.0,0.0,0.0,0.0,0.0,0.0,0.0,0.0,0.0,0.0,0.0,90.23,83.0,High,No
d420ccb7-7c02-4d4b-82f0-6b85df418fb8,CSE,6.72,22.0,50.0,77.94,15.0,45.0,56.05,17.0,45.0,70.24,23.0,52.0,81.63,19.0,53.0,75.84,0.0,0.0,0.0,0.0,0.0,0.0,0.0,0.0,0.0,0.0,0.0,0.0,0.0,0.0,0.0,75.95,68.2,Medium,No
75a5f649-8147-4892-b72e-ed6409a3619e,CSE,6.07,15.0,38.0,52.05,13.0,38.0,55.84,17.0,43.0,61.47,13.0,39.0,52.26,12.0,40.0,53.82,0.0,0.0,0.0,0.0,0.0,0.0,0.0,0.0,0.0,0.0,0.0,0.0,0.0,0.0,0.0,88.21,53.6,Medium,No
71ca6bff-ecd8-406b-8a82-66c8e940950f,CSE,7.52,18.0,49.0,69.12,19.0,55.0,77.15,19.0,63.0,78.75,21.0,61.0,88.93,25.0,58.0,88.07,0.0,0.0,0.0,0.0,0.0,0.0,0.0,0.0,0.0,0.0,0.0,0.0,0.0,0.0,0.0,68.07,77.6,High,No
bfd98b71-19fb-44b5-bc35-24eb42153708,CSE,4.8,12.0,38.0,53.69,16.0,33.0,50.0,13.0,38.0,56.46,19.0,42.0,60.86,18.0,44.0,66.04,0.0,0.0,0.0,0.0,0.0,0.0,0.0,0.0,0.0,0.0,0.0,0.0,0.0,0.0,0.0,66.08,54.6,Medium,No
762fdd8a-9cb0-496e-a1a7-b31e413ce505,CSE,6.62,16.0,43.0,68.24,20.0,56.0,79.05,18.0,46.0,68.7,16.0,50.0,61.07,21.0,48.0,73.51,0.0,0.0,0.0,0.0,0.0,0.0,0.0,0.0,0.0,0.0,0.0,0.0,0.0,0.0,0.0,86.26,66.8,Medium,No
67786295-2c8d-429c-a156-c7552cc015d4,CSE,6.84,20.0,46.0,69.16,17.0,54.0,78.83,20.0,51.0,81.2,25.0,56.0,97.45,16.0,50.0,75.22,0.0,0.0,0.0,0.0,0.0,0.0,0.0,0.0,0.0,0.0,0.0,0.0,0.0,0.0,0.0,86.12,71.0,Medium,No
050c7027-659a-4dcd-9bb9-413620cf9a60,CSE,5.92,16.0,49.0,68.72,20.0,52.0,81.23,14.0,46.0,58.46,17.0,47.0,63.18,23.0,53.0,79.24,0.0,0.0,0.0,0.0,0.0,0.0,0.0,0.0,0.0,0.0,0.0,0.0,0.0,0.0,0.0,63.98,67.4,Medium,No
41c6dcdc-df55-4bb5-ac54-c1bb5d77dbe3,CSE,7.29,25.0,55.0,85.41,20.0,54.0,79.06,20.0,44.0,64.78,23.0,50.0,77.47,20.0,62.0,92.19,13.0,22.0,65.47,13.0,24.0,84.89,12.0,19.0,70.12,13.0,20.0,71.75,14.0,26.0,77.35,84.94,73.2,Medium,No
bf00dcdd-ded2-4cef-b084-5589377eb0d0,CSE,5.92,15.0,48.0,74.83,20.0,42.0,78.82,13.0,40.0,60.99,17.0,37.0,54.45,11.0,36.0,50.0,12.0,18.0,64.48,8.0,17.0,50.89,11.0,16.0,55.18,7.0,16.0,55.21,10.0,16.0,52.09,84.08,54.67,Medium,No
2a8a7c05-46d0-4630-b7fd-a26245a375de,CSE,7.7,19.0,53.0,80.36,16.0,43.0,66.08,14.0,45.0,69.48,21.0,55.0,79.84,19.0,54.0,82.84,10.0,21.0,57.29,11.0,23.0,80.36,10.0,19.0,68.69,13.0,24.0,78.02,15.0,22.0,88.74,79.07,67.6,Medium,No
d4f588a8-9aae-42cf-a20c-28b046a7901f,CSE,6.12,25.0,53.0,85.18,16.0,49.0,65.49,16.0,48.0,64.55,17.0,51.0,81.8,19.0,47.0,77.69,16.0,23.0,78.28,13.0,19.0,70.94,14.0,24.0,79.6,11.0,21.0,77.21,13.0,26.0,78.52,64.61,69.47,Medium,No
529afdbb-4f42-4a03-a14b-fd170eade1a4,CSE,5.2,16.0,48.0,74.14,13.0,42.0,52.6,18.0,51.0,77.93,16.0,43.0,65.43,20.0,48.0,77.62,15.0,21.0,82.99,11.0,17.0,60.64,11.0,19.0,66.88,11.0,19.0,67.14,11.0,23.0,68.05,94.73,63.07,Medium,No
01407f0e-970c-498a-8885-16b31540ef03,CSE,8.79,27.0,65.0,97.63,30.0,66.0,96.36,29.0,64.0,97.12,21.0,61.0,90.88,26.0,57.0,90.91,14.0,29.0,84.31,20.0,30.0,100.0,17.0,30.0,87.37,17.0,27.0,88.77,16.0,29.0,96.08,76.73,90.0,High,No
148434b8-86eb-4b56-8d35-7be0ce9a8aaf,CSE,7.46,23.0,51.0,76.34,22.0,54.0,84.91,23.0,51.0,81.28,22.0,57.0,83.27,24.0,52.0,80.38,10.0,23.0,82.98,15.0,25.0,79.3,11.0,21.0,71.33,13.0,23.0,76.86,12.0,19.0,68.15,92.59,73.47,Medium,No
abc900ad-0863-496a-81f1-d50241db438e,CSE,7.5,22.0,59.0,86.54,27.0,56.0,91.82,19.0,47.0,69.4,16.0,52.0,80.87,18.0,47.0,63.07,12.0,27.0,79.75,14.0,20.0,69.92,13.0,27.0,81.71,12.0,20.0,73.46,15.0,25.0,80.3,67.08,73.07,Medium,No
14b9af21-c406-4fbf-9f06-51287bc1cc0e,CSE,6.77,15.0,46.0,60.2,18.0,57.0,84.97,17.0,40.0,67.38,16.0,47.0,75.12,20.0,46.0,69.87,11.0,21.0,66.23,11.0,19.0,56.93,12.0,17.0,62.2,11.0,19.0,70.02,14.0,23.0,81.6,85.02,64.0,Medium,No
9281797e-994d-44e6-baf6-1f306b5c662e,CSE,7.34,21.0,51.0,80.62,18.0,55.0,71.7,19.0,57.0,83.89,21.0,58.0,87.69,24.0,53.0,81.93,13.0,27.0,85.59,11.0,21.0,68.06,14.0,24.0,75.18,16.0,24.0,74.66,12.0,21.0,74.32,73.92,74.67,Medium,No
28bc5abb-63c9-425e-80dc-2a731dccb755,CSE,6.02,13.0,38.0,50.68,18.0,50.0,72.23,14.0,37.0,54.28,17.0,47.0,64.96,15.0,49.0,67.98,9.0,19.0,56.14,10.0,16.0,51.94,9.0,20.0,66.46,11.0,22.0,76.0,11.0,18.0,69.63,67.5,59.07,Medium,No
ae4219b8-40c2-4ae3-b254-19ce1fdfa9bb,CSE,6.19,17.0,49.0,62.54,21.0,52.0,84.51,17.0,52.0,70.34,24.0,55.0,87.02,24.0,51.0,84.36,13.0,20.0,70.78,12.0,22.0,65.29,14.0,21.0,69.51,11.0,20.0,68.92,14.0,20.0,70.02,68.44,70.53,Medium,No
2a555dec-6d4f-4ec5-89ab-628f72947b6e,CSE,8.23,21.0,54.0,85.7,24.0,54.0,82.61,22.0,50.0,71.16,25.0,58.0,92.56,23.0,53.0,77.35,15.0,26.0,87.68,16.0,23.0,87.2,14.0,28.0,93.41,16.0,26.0,98.04,15.0,20.0,75.93,75.35,77.73,High,No
07a5e55e-4d7a-486b-b6e1-d25abea69edb,CSE,7.2,21.0,57.0,88.41,21.0,68.0,91.97,22.0,64.0,93.17,25.0,54.0,81.5,21.0,56.0,70.94,14.0,30.0,100.0,15.0,28.0,94.9,13.0,24.0,78.57,14.0,21.0,77.1,15.0,23.0,75.42,72.86,80.8,High,No
7467d690-2159-4d25-b912-439137b58f71,CSE,8.08,27.0,57.0,92.75,22.0,59.0,83.87,20.0,52.0,86.49,25.0,62.0,91.35,25.0,57.0,94.69,17.0,26.0,87.54,14.0,23.0,77.53,13.0,24.0,78.35,15.0,27.0,82.8,17.0,23.0,90.12,86.86,80.67,High,No
077a3240-1225-461c-9378-d4a941aad096,CSE,9.96,30.0,69.0,99.76,24.0,64.0,83.51,29.0,70.0,100.0,26.0,63.0,100.0,20.0,61.0,90.67,18.0,27.0,92.5,19.0,30.0,96.8,18.0,26.0,93.06,15.0,27.0,80.65,20.0,29.0,100.0,93.98,91.33,High,No
ed891427-00e0-4979-9d38-d415ee45d9a9,CSE,5.92,14.0,37.0,59.79,18.0,40.0,57.24,13.0,37.0,65.5,15.0,38.0,63.22,19.0,41.0,53.69,13.0,18.0,61.35,11.0,15.0,57.36,10.0,21.0,61.71,9.0,18.0,50.0,11.0,16.0,56.63,91.08,55.2,Medium,No
4186a681-c0da-40ab-b39f-3040eca9d7b3,CSE,7.35,22.0,50.0,79.29,20.0,65.0,88.73,21.0,57.0,83.92,20.0,47.0,72.43,22.0,62.0,86.02,13.0,25.0,76.57,12.0,23.0,77.23,16.0,22.0,85.38,15.0,23.0,81.71,15.0,23.0,74.36,89.81,76.4,High,No
92dd619d-6539-481d-9e38-d95d69c58eb1,CSE,8.43,21.0,66.0,92.63,20.0,55.0,82.74,27.0,60.0,90.16,26.0,59.0,91.43,20.0,59.0,87.97,13.0,27.0,80.16,13.0,25.0,87.89,18.0,27.0,92.58,15.0,21.0,74.23,15.0,22.0,80.4,88.93,81.2,High,No
bb988bc1-bae7-42a6-a2f5-4638f6499503,CSE,7.46,21.0,57.0,82.01,22.0,57.0,84.94,17.0,50.0,67.46,20.0,49.0,72.73,21.0,50.0,77.91,11.0,22.0,72.83,11.0,21.0,64.54,12.0,20.0,68.44,14.0,23.0,80.43,14.0,25.0,86.99,100.0,71.6,Medium,No
aa5a2b7c-7773-4a58-939c-5a94ffa0d3c1,CSE,5.44,16.0,46.0,77.74,13.0,36.0,50.0,13.0,32.0,50.0,15.0,37.0,59.92,12.0,38.0,62.94,9.0,17.0,52.42,10.0,16.0,55.1,8.0,16.0,50.0,9.0,16.0,52.13,9.0,17.0,51.8,82.88,51.33,Medium,No
210cef10-d0b9-45e5-8197-43239d32288b,CSE,8.43,21.0,56.0,80.27,24.0,58.0,86.68,26.0,65.0,97.36,23.0,63.0,94.2,23.0,60.0,83.09,18.0,25.0,84.92,17.0,22.0,90.87,15.0,25.0,85.11,15.0,25.0,81.52,15.0,22.0,77.38,81.71,82.4,High,No
08aca952-768f-4a41-a562-527ed3d9ad35,CSE,6.5,20.0,48.0,65.64,23.0,55.0,79.89,16.0,50.0,71.96,16.0,52.0,70.96,17.0,53.0,85.01,14.0,20.0,66.82,14.0,21.0,70.53,15.0,24.0,86.84,11.0,23.0,78.84,11.0,19.0,63.13,78.9,69.6,Medium,No
41e47a03-d214-4217-8046-586cc0289b00,CSE,6.93,22.0,49.0,78.99,28.0,59.0,92.74,17.0,57.0,85.64,23.0,53.0,76.82,18.0,52.0,73.41,12.0,23.0,78.2,13.0,21.0,69.46,12.0,23.0,77.82,13.0,26.0,84.21,15.0,21.0,71.19,92.18,74.27,Medium,No
8a536dcb-f48e-47af-b679-35d039b57eef,CSE,7.75,17.0,52.0,74.52,18.0,47.0,75.32,18.0,51.0,80.28,19.0,47.0,73.36,23.0,55.0,79.82,17.0,24.0,91.2,14.0,25.0,73.9,12.0,22.0,75.98,12.0,26.0,78.42,12.0,24.0,77.69,85.39,71.33,Medium,No
00f5662b-5c2c-451f-a8f7-f1abeb66b901,CSE,8.05,28.0,58.0,84.1,21.0,58.0,81.34,19.0,49.0,71.13,20.0,62.0,89.58,23.0,56.0,78.07,16.0,27.0,99.28,12.0,25.0,85.84,13.0,28.0,87.04,12.0,27.0,80.65,13.0,25.0,76.0,81.55,78.93,High,No
afa376d0-32a8-4ac6-ae60-23d0b60299e2,CSE,6.85,20.0,52.0,74.07,19.0,43.0,66.58,18.0,40.0,63.13,16.0,42.0,62.71,17.0,52.0,66.74,15.0,20.0,78.44,8.0,20.0,67.64,14.0,23.0,81.99,12.0,25.0,77.5,15.0,21.0,83.04,82.84,65.6,Medium,No
1dfe9401-1757-4020-b108-6654ada37fc3,CSE,6.58,22.0,48.0,79.48,16.0,47.0,67.1,15.0,42.0,59.66,15.0,45.0,67.85,17.0,44.0,60.61,14.0,19.0,83.14,11.0,20.0,66.63,14.0,21.0,72.8,13.0,20.0,77.45,10.0,20.0,53.83,87.74,63.07,Medium,No
4fb846e6-01da-473d-88da-42e9a3419deb,CSE,9.9,25.0,70.0,97.05,30.0,70.0,94.38,24.0,70.0,90.56,29.0,69.0,100.0,25.0,70.0,100.0,14.0,30.0,91.41,18.0,30.0,93.45,19.0,26.0,93.17,19.0,30.0,100.0,17.0,30.0,98.23,54.56,95.33,High,Yes
9ad15575-42fb-4dad-91e5-d1f5a07ced29,CSE,7.37,18.0,48.0,67.14,19.0,42.0,68.92,21.0,53.0,80.42,16.0,49.0,74.47,18.0,44.0,62.87,15.0,24.0,77.33,11.0,21.0,70.93,11.0,25.0,72.43,10.0,20.0,57.21,12.0,21.0,73.34,90.02,66.4,Medium,No
cc657a4d-966d-4dcd-ab30-457b91bcbe3e,CSE,8.26,19.0,59.0,74.05,26.0,60.0,95.46,26.0,60.0,83.59,23.0,56.0,86.58,20.0,61.0,77.52,0.0,0.0,0.0,0.0,0.0,0.0,0.0,0.0,0.0,0.0,0.0,0.0,0.0,0.0,0.0,64.71,82.0,High,No
e677a9fa-759f-45d6-a9ba-70810dd4bb64,CSE,8.64,25.0,57.0,93.99,20.0,61.0,83.39,28.0,69.0,95.65,30.0,62.0,96.07,20.0,60.0,84.17,0.0,0.0,0.0,0.0,0.0,0.0,0.0,0.0,0.0,0.0,0.0,0.0,0.0,0.0,0.0,92.19,86.4,High,No
63ead0c8-1052-461d-ac94-f2475c4b9caa,CSE,6.97,23.0,50.0,73.64,18.0,57.0,78.01,15.0,43.0,72.55,21.0,46.0,56.44,17.0,56.0,86.28,0.0,0.0,0.0,0.0,0.0,0.0,0.0,0.0,0.0,0.0,0.0,0.0,0.0,0.0,0.0,72.42,69.2,Medium,No
ff007d47-48ba-4b02-a8dc-c1b6aaed232b,CSE,5.42,14.0,46.0,63.04,11.0,38.0,50.0,15.0,45.0,61.25,15.0,46.0,61.27,18.0,42.0,70.05,0.0,0.0,0.0,0.0,0.0,0.0,0.0,0.0,0.0,0.0,0.0,0.0,0.0,0.0,0.0,88.61,58.0,Medium,No
7b7856d5-fc62-49a8-bc0b-e5baaccef787,CSE,7.87,20.0,59.0,80.33,22.0,47.0,76.08,23.0,53.0,82.69,23.0,52.0,82.09,22.0,46.0,80.04,0.0,0.0,0.0,0.0,0.0,0.0,0.0,0.0,0.0,0.0,0.0,0.0,0.0,0.0,0.0,69.6,73.4,Medium,No
07da2c73-97b7-47ff-958f-5440b159fe13,CSE,5.0,14.0,44.0,57.37,17.0,37.0,58.92,13.0,39.0,63.11,14.0,41.0,63.92,15.0,32.0,55.02,0.0,0.0,0.0,0.0,0.0,0.0,0.0,0.0,0.0,0.0,0.0,0.0,0.0,0.0,0.0,93.23,53.2,Medium,No
646af5be-1d8c-47ac-9251-cf9319130aec,CSE,9.45,30.0,70.0,100.0,30.0,70.0,100.0,29.0,70.0,100.0,25.0,70.0,94.74,30.0,70.0,100.0,0.0,0.0,0.0,0.0,0.0,0.0,0.0,0.0,0.0,0.0,0.0,0.0,0.0,0.0,0.0,68.57,98.8,High,No
4a0c111b-0f66-4906-a81e-2fc4b2bee709,CSE,6.37,17.0,45.0,63.89,15.0,47.0,62.19,18.0,44.0,59.54,14.0,46.0,60.16,14.0,37.0,57.3,0.0,0.0,0.0,0.0,0.0,0.0,0.0,0.0,0.0,0.0,0.0,0.0,0.0,0.0,0.0,70.97,59.4,Medium,No
b0c2746e-8e97-4316-b257-5111d69db0c9,CSE,7.2,19.0,48.0,70.59,21.0,51.0,67.29,14.0,47.0,63.49,24.0,53.0,75.91,20.0,56.0,75.08,0.0,0.0,0.0,0.0,0.0,0.0,0.0,0.0,0.0,0.0,0.0,0.0,0.0,0.0,0.0,71.11,70.6,Medium,No
1ad17a12-8b08-4042-a1f9-d86755cd9010,CSE,8.97,27.0,61.0,95.95,25.0,69.0,90.64,27.0,57.0,93.75,21.0,68.0,95.77,27.0,70.0,99.25,0.0,0.0,0.0,0.0,0.0,0.0,0.0,0.0,0.0,0.0,0.0,0.0,0.0,0.0,0.0,82.67,90.4,High,No
c3f50e9a-3f46-4c42-8d57-e353756a2350,CSE,7.37,17.0,54.0,68.43,19.0,47.0,74.04,19.0,51.0,62.76,18.0,46.0,81.36,20.0,62.0,79.7,0.0,0.0,0.0,0.0,0.0,0.0,0.0,0.0,0.0,0.0,0.0,0.0,0.0,0.0,0.0,71.01,70.6,Medium,No
8f2ef312-97f6-473c-98a5-cecbe324f384,CSE,6.77,20.0,43.0,66.69,18.0,44.0,64.01,24.0,51.0,73.99,15.0,44.0,58.3,19.0,49.0,69.43,0.0,0.0,0.0,0.0,0.0,0.0,0.0,0.0,0.0,0.0,0.0,0.0,0.0,0.0,0.0,77.81,65.4,Medium,No
0515a58b-c65f-48d9-8d3c-4e7f19ab36a7,CSE,6.42,20.0,51.0,75.58,17.0,48.0,72.84,17.0,54.0,75.01,20.0,60.0,73.4,18.0,44.0,63.5,0.0,0.0,0.0,0.0,0.0,0.0,0.0,0.0,0.0,0.0,0.0,0.0,0.0,0.0,0.0,80.22,69.8,Medium,No
4461cc6a-6e15-4931-ad42-7c7c235d82b8,CSE,6.18,19.0,41.0,72.37,15.0,44.0,59.17,24.0,49.0,75.11,16.0,48.0,70.99,18.0,52.0,77.62,0.0,0.0,0.0,0.0,0.0,0.0,0.0,0.0,0.0,0.0,0.0,0.0,0.0,0.0,0.0,75.88,65.2,Medium,No
0d335bcc-901c-4014-bf7e-3d96be547a37,CSE,5.95,13.0,41.0,57.87,16.0,41.0,65.4,15.0,49.0,71.64,19.0,44.0,71.74,16.0,35.0,56.72,0.0,0.0,0.0,0.0,0.0,0.0,0.0,0.0,0.0,0.0,0.0,0.0,0.0,0.0,0.0,100.0,57.8,Medium,No
32029ec9-86f6-4093-8109-3ea2dcefd85a,CSE,7.19,20.0,41.0,64.87,18.0,48.0,63.57,24.0,52.0,76.66,18.0,54.0,81.08,20.0,47.0,69.56,0.0,0.0,0.0,0.0,0.0,0.0,0.0,0.0,0.0,0.0,0.0,0.0,0.0,0.0,0.0,79.44,68.4,Medium,No
5a9f7463-e472-406e-858d-5b874d1dcd5c,CSE,5.95,16.0,42.0,59.19,18.0,40.0,56.89,20.0,48.0,76.93,18.0,46.0,76.47,18.0,47.0,68.31,0.0,0.0,0.0,0.0,0.0,0.0,0.0,0.0,0.0,0.0,0.0,0.0,0.0,0.0,0.0,83.04,62.6,Medium,No
ff5cf173-7241-479a-add4-3db818749cf6,CSE,7.28,20.0,46.0,69.62,23.0,48.0,69.29,23.0,54.0,82.69,14.0,47.0,68.97,19.0,44.0,70.83,0.0,0.0,0.0,0.0,0.0,0.0,0.0,0.0,0.0,0.0,0.0,0.0,0.0,0.0,0.0,89.0,67.6,Medium,No
471522a7-bbc7-459a-89f5-8a40eb86b2d0,CSE,6.56,17.0,38.0,59.86,15.0,42.0,69.41,17.0,50.0,77.32,18.0,41.0,62.55,18.0,41.0,65.25,0.0,0.0,0.0,0.0,0.0,0.0,0.0,0.0,0.0,0.0,0.0,0.0,0.0,0.0,0.0,97.68,59.4,Medium,No
e48b5d0e-c253-4870-bde9-77a526790d09,CSE,6.79,15.0,40.0,68.02,19.0,48.0,73.75,21.0,45.0,68.37,17.0,52.0,76.63,21.0,48.0,69.52,0.0,0.0,0.0,0.0,0.0,0.0,0.0,0.0,0.0,0.0,0.0,0.0,0.0,0.0,0.0,68.57,65.2,Medium,No
1a745256-0ca2-4521-ad48-c513ab06dcc3,CSE,8.29,21.0,51.0,84.73,23.0,51.0,77.43,21.0,57.0,93.21,24.0,62.0,98.23,25.0,61.0,89.04,0.0,0.0,0.0,0.0,0.0,0.0,0.0,0.0,0.0,0.0,0.0,0.0,0.0,0.0,0.0,67.11,79.2,High,No
906f8bd5-ed72-41cb-b942-e480587e608b,CSE,5.04,12.0,41.0,50.0,16.0,41.0,68.86,12.0,37.0,50.0,15.0,35.0,61.03,15.0,36.0,56.22,0.0,0.0,0.0,0.0,0.0,0.0,0.0,0.0,0.0,0.0,0.0,0.0,0.0,0.0,0.0,81.47,52.0,Medium,No
e012fc79-34b8-4f7d-ad32-48336ca5cd2e,CSE,7.92,21.0,58.0,78.47,19.0,53.0,84.06,17.0,48.0,79.91,15.0,47.0,60.91,25.0,54.0,93.3,0.0,0.0,0.0,0.0,0.0,0.0,0.0,0.0,0.0,0.0,0.0,0.0,0.0,0.0,0.0,72.78,71.4,Medium,No
ef581ef1-a19e-4626-a256-93fea6f579dc,CSE,6.56,19.0,54.0,84.83,16.0,38.0,53.09,17.0,37.0,62.15,17.0,50.0,70.21,14.0,44.0,65.56,0.0,0.0,0.0,0.0,0.0,0.0,0.0,0.0,0.0,0.0,0.0,0.0,0.0,0.0,0.0,87.99,61.2,Medium,No
2b8995fd-2322-4a9f-a3f3-4c1e9693d030,CSE,6.16,15.0,40.0,56.85,16.0,46.0,63.58,17.0,44.0,63.49,20.0,44.0,79.22,23.0,50.0,79.83,0.0,0.0,0.0,0.0,0.0,0.0,0.0,0.0,0.0,0.0,0.0,0.0,0.0,0.0,0.0,79.15,63.0,Medium,No
c40cbed3-d845-44b0-a57e-864f68232198,CSE,5.08,14.0,44.0,71.12,16.0,34.0,59.8,12.0,32.0,50.0,17.0,44.0,61.63,14.0,46.0,59.68,0.0,0.0,0.0,0.0,0.0,0.0,0.0,0.0,0.0,0.0,0.0,0.0,0.0,0.0,0.0,85.05,54.6,Medium,No
0528e718-11e8-41ea-a246-3c31b0b6ce1b,CSE,7.12,19.0,58.0,95.87,22.0,49.0,76.45,22.0,48.0,70.43,22.0,49.0,82.6,22.0,47.0,72.48,0.0,0.0,0.0,0.0,0.0,0.0,0.0,0.0,0.0,0.0,0.0,0.0,0.0,0.0,0.0,89.01,71.6,Medium,No
e0450bf8-06c9-4e3b-8b9b-a528bae087de,CSE,6.56,20.0,49.0,70.36,16.0,52.0,68.75,19.0,53.0,68.84,13.0,44.0,57.77,17.0,49.0,80.99,0.0,0.0,0.0,0.0,0.0,0.0,0.0,0.0,0.0,0.0,0.0,0.0,0.0,0.0,0.0,85.21,66.4,Medium,No
59c1cd2f-801d-4e15-bfce-ca94ae02299e,CSE,9.05,26.0,64.0,99.92,23.0,54.0,78.75,26.0,57.0,83.37,26.0,63.0,87.24,24.0,68.0,89.04,0.0,0.0,0.0,0.0,0.0,0.0,0.0,0.0,0.0,0.0,0.0,0.0,0.0,0.0,0.0,80.5,86.2,High,No
d8b051a3-e4ee-4016-90f3-66e3c4a0093b,CSE,7.52,23.0,50.0,79.52,21.0,53.0,73.88,24.0,56.0,92.85,25.0,63.0,93.77,24.0,52.0,75.87,0.0,0.0,0.0,0.0,0.0,0.0,0.0,0.0,0.0,0.0,0.0,0.0,0.0,0.0,0.0,60.8,78.2,High,No
d85042cf-b66b-4b59-9362-573c84516dfc,CSE,3.39,13.0,29.0,51.57,10.0,23.0,50.0,9.0,26.0,50.0,9.0,22.0,50.0,8.0,28.0,50.0,6.0,10.0,50.0,5.0,10.0,50.0,6.0,14.0,50.0,7.0,14.0,50.0,6.0,13.0,50.0,73.07,35.73,Low,Yes
dd202afe-2ee8-4345-956f-a34f4721b374,CSE,7.02,21.0,49.0,70.59,18.0,59.0,79.22,18.0,59.0,83.63,21.0,58.0,85.46,19.0,53.0,90.33,14.0,21.0,83.52,12.0,20.0,66.71,12.0,18.0,68.73,12.0,18.0,67.36,11.0,23.0,84.16,77.28,71.47,Medium,No
cf4c7d3f-97b3-4d81-9596-ddccab461d83,CSE,8.21,17.0,54.0,71.89,26.0,57.0,87.18,25.0,57.0,87.18,20.0,54.0,84.35,24.0,60.0,77.7,16.0,26.0,98.91,12.0,22.0,64.47,14.0,24.0,84.79,16.0,23.0,86.8,14.0,23.0,72.11,61.58,77.87,High,No
17fdadfe-4b57-4a99-bdf0-3eb08ed755cf,CSE,6.87,19.0,52.0,70.99,18.0,49.0,67.69,20.0,55.0,77.27,20.0,47.0,77.31,17.0,50.0,76.83,11.0,24.0,70.14,16.0,22.0,75.78,13.0,20.0,69.55,12.0,25.0,77.22,16.0,22.0,78.26,89.5,70.4,Medium,No
4b59d210-0b2a-46be-a2e7-51562a1e5ee7,CSE,7.38,17.0,52.0,76.47,19.0,47.0,65.85,23.0,58.0,79.7,20.0,59.0,76.38,23.0,50.0,83.64,12.0,22.0,75.31,15.0,26.0,95.4,16.0,25.0,83.03,14.0,21.0,74.53,14.0,23.0,83.59,81.27,74.13,Medium,No
ae82e533-d9df-4656-b30d-171dff66cc03,CSE,7.46,18.0,50.0,80.7,19.0,56.0,71.62,27.0,59.0,86.79,24.0,61.0,87.96,26.0,57.0,87.36,14.0,24.0,81.75,15.0,26.0,87.39,13.0,25.0,81.98,13.0,21.0,70.91,18.0,25.0,90.01,70.69,78.8,High,No
cb17ee47-75f1-4175-9fff-e83c20b93015,CSE,6.76,19.0,44.0,70.92,20.0,45.0,69.22,15.0,46.0,66.0,16.0,47.0,65.1,22.0,54.0,82.62,13.0,26.0,87.92,14.0,21.0,79.68,11.0,23.0,81.47,13.0,25.0,73.31,12.0,25.0,87.42,92.45,68.13,Medium,No
ff044840-b0f6-4b4a-bb60-7f62d935e9be,CSE,6.13,18.0,44.0,69.76,15.0,47.0,66.16,19.0,41.0,67.21,21.0,51.0,70.11,20.0,45.0,68.38,14.0,20.0,65.05,11.0,21.0,66.89,12.0,18.0,60.94,11.0,18.0,67.95,12.0,22.0,64.35,94.64,64.0,Medium,No
77d63a97-851b-400d-806b-321d557e0d11,CSE,6.23,23.0,55.0,77.3,22.0,47.0,70.8,14.0,45.0,62.52,16.0,44.0,66.13,19.0,56.0,80.24,12.0,22.0,72.09,14.0,19.0,71.2,13.0,19.0,71.61,11.0,19.0,67.27,14.0,24.0,85.04,81.46,67.73,Medium,No
8d60eb68-0bb6-44f1-9202-4e6d2ccf82dc,CSE,6.15,18.0,41.0,60.83,16.0,42.0,59.56,16.0,44.0,66.34,19.0,41.0,69.32,19.0,42.0,57.03,14.0,23.0,75.82,15.0,20.0,65.9,14.0,22.0,78.45,11.0,19.0,62.29,9.0,19.0,67.96,80.21,61.87,Medium,No
3ff29c2f-7408-4f01-98ea-57d532665681,CSE,6.76,19.0,47.0,74.11,19.0,56.0,67.76,20.0,50.0,72.33,19.0,50.0,71.67,16.0,43.0,64.57,11.0,25.0,75.3,10.0,19.0,60.77,10.0,23.0,70.32,12.0,21.0,68.04,10.0,18.0,62.66,83.03,66.4,Medium,No
503f78d8-e696-472d-b3d0-407c2a423e7a,CSE,5.44,18.0,38.0,56.82,20.0,44.0,57.65,14.0,32.0,60.48,14.0,45.0,58.89,20.0,44.0,61.54,11.0,18.0,69.66,8.0,16.0,53.93,7.0,15.0,50.0,11.0,15.0,58.6,8.0,15.0,55.18,57.9,55.07,Medium,Yes
d591a607-edb3-4556-82d2-cebf8580b2e1,CSE,8.02,24.0,53.0,86.52,24.0,62.0,83.15,22.0,56.0,84.42,27.0,61.0,83.47,22.0,64.0,94.09,16.0,29.0,94.5,12.0,26.0,73.93,15.0,28.0,87.61,14.0,30.0,93.59,18.0,29.0,99.49,71.54,84.27,High,No
9f6d7624-9ae4-45e0-81c0-741382e47881,CSE,6.49,14.0,45.0,61.99,19.0,48.0,68.77,15.0,49.0,68.13,19.0,51.0,76.95,21.0,52.0,81.04,12.0,18.0,57.11,14.0,22.0,68.09,10.0,20.0,67.32,10.0,18.0,63.36,10.0,20.0,66.29,72.56,64.93,Medium,No
dbaf76eb-1a76-4936-8f58-2a236421435f,CSE,7.51,23.0,57.0,84.31,28.0,60.0,96.58,23.0,50.0,79.11,23.0,55.0,86.26,20.0,52.0,76.4,12.0,27.0,80.5,17.0,25.0,86.36,15.0,24.0,83.22,14.0,27.0,81.73,13.0,24.0,83.32,92.55,78.53,High,No
84adef5b-0a16-4a1c-b85e-83fc4b2bb829,CSE,8.05,23.0,58.0,90.01,20.0,51.0,77.68,22.0,53.0,87.33,17.0,50.0,65.03,20.0,62.0,78.96,15.0,21.0,71.81,14.0,26.0,80.88,15.0,22.0,64.61,14.0,22.0,73.27,14.0,20.0,74.48,74.18,74.53,Medium,No
0e914c52-cff0-4be7-be62-bcdace687e2c,CSE,6.9,19.0,42.0,67.69,19.0,51.0,72.82,21.0,47.0,74.71,19.0,61.0,79.23,19.0,49.0,67.22,13.0,23.0,74.13,11.0,23.0,70.93,13.0,23.0,76.09,15.0,21.0,71.31,14.0,23.0,84.93,75.01,70.13,Medium,No
5f7bf4c3-062f-4db5-912d-7ac530a3c6d0,CSE,9.3,27.0,68.0,100.0,25.0,70.0,97.76,21.0,69.0,100.0,27.0,64.0,100.0,24.0,70.0,100.0,16.0,24.0,86.73,20.0,29.0,100.0,15.0,30.0,100.0,19.0,28.0,100.0,16.0,25.0,83.75,74.75,91.6,High,No
a7976cde-1d5c-4c98-a3ea-d4fa95c9a383,CSE,7.53,19.0,54.0,78.33,26.0,56.0,82.08,20.0,48.0,73.63,26.0,58.0,84.83,21.0,55.0,75.72,17.0,26.0,87.89,17.0,26.0,99.3,13.0,27.0,89.12,15.0,24.0,71.55,16.0,25.0,99.75,71.89,78.53,High,No
0f689161-0d12-498e-baab-801ff4e0647a,CSE,5.71,14.0,42.0,66.17,15.0,47.0,62.6,14.0,42.0,63.14,15.0,40.0,65.1,16.0,48.0,71.29,12.0,17.0,71.66,10.0,18.0,56.35,10.0,15.0,55.22,8.0,16.0,57.6,9.0,19.0,58.22,77.57,56.93,Medium,No
144a3440-6862-4f7e-9385-60470cabedc7,CSE,3.93,13.0,35.0,56.66,14.0,40.0,52.12,13.0,43.0,70.5,16.0,34.0,53.46,13.0,35.0,53.02,7.0,16.0,53.78,10.0,17.0,51.46,10.0,16.0,53.65,9.0,14.0,50.0,13.0,18.0,70.6,87.81,51.47,Medium,No
a7887029-784a-4e18-a05f-d04feeccf959,CSE,7.2,22.0,57.0,77.57,20.0,55.0,77.05,20.0,58.0,85.48,21.0,55.0,86.01,26.0,58.0,81.82,13.0,23.0,83.77,14.0,23.0,85.04,11.0,24.0,76.75,14.0,24.0,88.54,13.0,22.0,80.72,79.65,76.4,High,No
67a5d98d-c142-4cc9-9b1f-eaca1b51c202,CSE,5.42,11.0,33.0,50.0,11.0,35.0,53.17,15.0,38.0,58.09,11.0,34.0,51.5,13.0,41.0,60.81,8.0,16.0,58.86,10.0,19.0,58.54,7.0,15.0,50.0,9.0,13.0,50.0,7.0,17.0,50.0,83.41,48.4,Low,Yes
70afb33b-01bb-4e82-a5cd-772067cfd64e,CSE,5.74,20.0,46.0,64.56,13.0,43.0,68.34,16.0,35.0,52.84,15.0,38.0,61.84,19.0,44.0,69.94,10.0,14.0,50.0,11.0,18.0,69.04,8.0,16.0,63.67,11.0,18.0,57.49,11.0,22.0,71.38,73.26,57.07,Medium,No
4430ee88-be02-4715-b357-af6b22f126d2,CSE,9.1,26.0,56.0,83.94,26.0,57.0,85.55,22.0,67.0,94.51,23.0,64.0,94.22,25.0,65.0,89.1,17.0,24.0,86.49,16.0,24.0,90.44,15.0,30.0,96.69,17.0,23.0,80.51,16.0,30.0,98.15,77.17,85.73,High,No
00de7c14-bf66-4ccf-a324-1495f5f585b3,CSE,5.9,17.0,38.0,64.85,16.0,46.0,76.74,14.0,43.0,66.31,12.0,38.0,56.07,20.0,45.0,76.63,9.0,15.0,56.77,10.0,18.0,70.71,9.0,15.0,50.0,13.0,18.0,70.69,11.0,20.0,66.68,86.72,56.93,Medium,No
ab39b56d-799b-46a7-a035-8744046a0064,CSE,6.84,23.0,47.0,65.07,20.0,45.0,74.17,18.0,54.0,74.9,17.0,52.0,77.1,18.0,40.0,63.14,12.0,22.0,77.74,10.0,23.0,70.88,11.0,23.0,72.87,12.0,18.0,67.84,13.0,23.0,72.38,80.26,66.8,Medium,No
c49e8c62-dbf0-4ec7-9cac-f624097b67ae,CSE,6.61,21.0,55.0,74.46,20.0,48.0,70.37,21.0,47.0,68.46,16.0,51.0,80.46,23.0,52.0,85.84,11.0,22.0,75.05,13.0,19.0,66.66,12.0,23.0,75.39,14.0,18.0,58.58,13.0,22.0,67.22,75.1,69.47,Medium,No
ab7e10e9-a8d4-4127-b8f7-b89eb1c2844c,CSE,5.25,16.0,51.0,70.16,15.0,39.0,60.42,15.0,40.0,61.13,16.0,35.0,59.53,14.0,35.0,67.2,13.0,19.0,64.8,9.0,15.0,52.55,14.0,18.0,61.67,11.0,17.0,56.48,10.0,23.0,58.67,62.37,56.67,Medium,No
142db093-2d33-446e-9691-306dfa632b69,CSE,5.24,14.0,34.0,57.9,19.0,40.0,67.06,15.0,39.0,66.24,13.0,33.0,50.0,15.0,39.0,59.28,0.0,0.0,0.0,0.0,0.0,0.0,0.0,0.0,0.0,0.0,0.0,0.0,0.0,0.0,0.0,66.38,52.2,Medium,No
e1b2903b-484a-4fec-a354-24787941db12,CSE,8.5,26.0,65.0,100.0,27.0,63.0,86.93,22.0,64.0,91.99,25.0,70.0,100.0,20.0,66.0,80.55,0.0,0.0,0.0,0.0,0.0,0.0,0.0,0.0,0.0,0.0,0.0,0.0,0.0,0.0,0.0,71.25,89.6,High,No
ae60fa6f-4f41-4860-9eb9-8faa8021edb8,CSE,6.38,20.0,46.0,69.03,17.0,47.0,73.36,15.0,47.0,66.81,16.0,35.0,55.82,17.0,46.0,64.19,0.0,0.0,0.0,0.0,0.0,0.0,0.0,0.0,0.0,0.0,0.0,0.0,0.0,0.0,0.0,87.16,61.2,Medium,No
340252bb-ce97-4c67-8b7b-07e4a3c6eb7f,CSE,4.22,9.0,27.0,50.0,13.0,35.0,57.5,11.0,38.0,52.31,11.0,35.0,51.57,14.0,35.0,50.54,0.0,0.0,0.0,0.0,0.0,0.0,0.0,0.0,0.0,0.0,0.0,0.0,0.0,0.0,0.0,77.38,45.6,Low,Yes
9de8d9bf-6746-4f4b-871c-c8321bf8dc7c,CSE,8.27,24.0,55.0,86.47,18.0,50.0,80.92,24.0,55.0,81.57,22.0,51.0,81.93,17.0,56.0,78.11,0.0,0.0,0.0,0.0,0.0,0.0,0.0,0.0,0.0,0.0,0.0,0.0,0.0,0.0,0.0,76.7,74.4,Medium,No
cebcc8c9-bcf3-4116-b37e-a5d1ba71eeb6,CSE,6.87,18.0,56.0,80.57,13.0,43.0,62.04,19.0,49.0,79.23,19.0,55.0,79.84,18.0,42.0,76.7,0.0,0.0,0.0,0.0,0.0,0.0,0.0,0.0,0.0,0.0,0.0,0.0,0.0,0.0,0.0,89.68,66.4,Medium,No
e3254eaa-7d9b-43b1-9ca4-e5a8b6930a56,CSE,6.19,19.0,42.0,73.07,17.0,49.0,87.79,18.0,39.0,68.46,18.0,53.0,75.43,20.0,48.0,73.64,0.0,0.0,0.0,0.0,0.0,0.0,0.0,0.0,0.0,0.0,0.0,0.0,0.0,0.0,0.0,84.7,64.6,Medium,No
e68c56be-bc2c-4419-8db1-34bbf254634f,CSE,6.9,18.0,57.0,79.87,20.0,55.0,88.31,19.0,58.0,80.21,17.0,54.0,68.14,20.0,51.0,86.02,0.0,0.0,0.0,0.0,0.0,0.0,0.0,0.0,0.0,0.0,0.0,0.0,0.0,0.0,0.0,91.78,73.8,Medium,No
3b3adc63-d5f0-439e-bc52-6fb5a70c48db,CSE,5.7,19.0,41.0,65.76,16.0,34.0,66.62,15.0,51.0,72.44,17.0,36.0,69.05,15.0,43.0,64.94,0.0,0.0,0.0,0.0,0.0,0.0,0.0,0.0,0.0,0.0,0.0,0.0,0.0,0.0,0.0,93.81,57.4,Medium,No
f504d20a-5b70-47d6-9563-874b69bfb6b4,CSE,7.75,20.0,46.0,80.28,23.0,54.0,80.96,19.0,61.0,89.99,16.0,51.0,71.54,23.0,49.0,74.92,0.0,0.0,0.0,0.0,0.0,0.0,0.0,0.0,0.0,0.0,0.0,0.0,0.0,0.0,0.0,65.62,72.4,Medium,No
07e75ad0-c744-4431-983b-a09155f4599c,CSE,7.68,20.0,48.0,68.76,28.0,58.0,95.1,24.0,62.0,99.6,17.0,49.0,62.74,20.0,65.0,92.38,0.0,0.0,0.0,0.0,0.0,0.0,0.0,0.0,0.0,0.0,0.0,0.0,0.0,0.0,0.0,89.77,78.2,High,No
1ef3e87d-f3d8-409e-b84f-1cae85be39f6,CSE,8.63,19.0,55.0,87.65,25.0,57.0,74.18,23.0,65.0,93.44,21.0,67.0,96.14,24.0,61.0,100.0,0.0,0.0,0.0,0.0,0.0,0.0,0.0,0.0,0.0,0.0,0.0,0.0,0.0,0.0,0.0,79.94,83.4,High,No
e45ff092-a29a-434e-95a8-b3156e7990f3,CSE,6.27,15.0,47.0,66.79,16.0,47.0,62.39,19.0,43.0,64.74,15.0,39.0,61.55,20.0,42.0,66.63,0.0,0.0,0.0,0.0,0.0,0.0,0.0,0.0,0.0,0.0,0.0,0.0,0.0,0.0,0.0,84.74,60.6,Medium,No
544a7f01-80e1-4240-9220-92fcba0266d1,CSE,7.39,19.0,56.0,81.44,17.0,54.0,79.09,16.0,52.0,71.59,20.0,55.0,86.14,21.0,55.0,78.05,0.0,0.0,0.0,0.0,0.0,0.0,0.0,0.0,0.0,0.0,0.0,0.0,0.0,0.0,0.0,78.4,73.0,Medium,No
6b379d5e-7beb-4951-b173-f158418c8375,CSE,6.34,19.0,48.0,67.67,18.0,38.0,55.78,16.0,50.0,70.96,18.0,49.0,68.19,21.0,46.0,68.21,0.0,0.0,0.0,0.0,0.0,0.0,0.0,0.0,0.0,0.0,0.0,0.0,0.0,0.0,0.0,71.89,64.6,Medium,No
86604a6f-3b0b-4bb3-ba54-da75b9f75764,CSE,7.83,24.0,50.0,74.71,24.0,64.0,98.61,21.0,55.0,76.38,23.0,60.0,94.76,20.0,65.0,99.4,0.0,0.0,0.0,0.0,0.0,0.0,0.0,0.0,0.0,0.0,0.0,0.0,0.0,0.0,0.0,86.98,81.2,High,No
ee49d541-73ee-4838-be5e-e5d4ff033bfe,CSE,6.86,19.0,57.0,77.23,21.0,62.0,95.62,18.0,50.0,66.49,18.0,48.0,64.22,19.0,48.0,74.1,0.0,0.0,0.0,0.0,0.0,0.0,0.0,0.0,0.0,0.0,0.0,0.0,0.0,0.0,0.0,75.7,72.0,Medium,No
ad7d711f-b527-484a-8276-f28408f668f3,CSE,5.35,17.0,46.0,71.42,14.0,40.0,63.73,13.0,39.0,56.93,16.0,37.0,56.31,13.0,42.0,60.63,0.0,0.0,0.0,0.0,0.0,0.0,0.0,0.0,0.0,0.0,0.0,0.0,0.0,0.0,0.0,89.07,55.4,Medium,No
6da1656f-60ec-409a-ae3c-f20db60bd3ce,CSE,8.09,22.0,49.0,71.75,22.0,51.0,72.29,17.0,53.0,67.65,20.0,51.0,76.6,20.0,56.0,87.14,0.0,0.0,0.0,0.0,0.0,0.0,0.0,0.0,0.0,0.0,0.0,0.0,0.0,0.0,0.0,85.32,72.2,Medium,No
29e7147d-e07e-4642-bfc8-a8d520587b34,CSE,8.27,23.0,64.0,94.05,23.0,59.0,92.46,28.0,63.0,92.66,29.0,62.0,92.97,24.0,52.0,85.31,0.0,0.0,0.0,0.0,0.0,0.0,0.0,0.0,0.0,0.0,0.0,0.0,0.0,0.0,0.0,92.9,85.4,High,No
ef039ddf-3efd-440f-aab2-fa420a40db0d,CSE,6.76,22.0,56.0,76.18,17.0,44.0,68.97,17.0,47.0,66.18,19.0,45.0,67.09,17.0,44.0,73.79,0.0,0.0,0.0,0.0,0.0,0.0,0.0,0.0,0.0,0.0,0.0,0.0,0.0,0.0,0.0,89.15,65.6,Medium,No
4314971b-2416-41c4-a0b0-baa41fe8412a,CSE,7.81,20.0,46.0,76.23,21.0,54.0,73.79,22.0,48.0,77.47,20.0,55.0,74.38,20.0,49.0,77.3,0.0,0.0,0.0,0.0,0.0,0.0,0.0,0.0,0.0,0.0,0.0,0.0,0.0,0.0,0.0,77.97,71.0,Medium,No
7d7547b5-3aa8-4bba-ab20-fbaedcdec21f,CSE,7.33,20.0,59.0,78.17,20.0,54.0,74.65,17.0,50.0,76.28,25.0,55.0,88.47,22.0,49.0,73.14,0.0,0.0,0.0,0.0,0.0,0.0,0.0,0.0,0.0,0.0,0.0,0.0,0.0,0.0,0.0,51.85,74.2,Medium,Yes
fd3b2b21-b679-43a4-860b-20d0e4632296,CSE,8.93,23.0,64.0,90.56,22.0,52.0,86.38,23.0,66.0,81.69,28.0,61.0,100.0,22.0,61.0,84.75,0.0,0.0,0.0,0.0,0.0,0.0,0.0,0.0,0.0,0.0,0.0,0.0,0.0,0.0,0.0,84.98,84.4,High,No
ffdb2ca8-7a55-476f-b55e-52a80bd00a63,CSE,5.77,15.0,38.0,56.3,15.0,36.0,56.01,15.0,42.0,68.82,20.0,46.0,75.82,15.0,41.0,65.6,0.0,0.0,0.0,0.0,0.0,0.0,0.0,0.0,0.0,0.0,0.0,0.0,0.0,0.0,0.0,90.2,56.6,Medium,No
4ffdef71-de96-4113-bfab-88f28aea70e3,CSE,5.03,16.0,47.0,65.76,14.0,35.0,50.0,14.0,32.0,50.0,13.0,33.0,50.0,13.0,33.0,50.0,0.0,0.0,0.0,0.0,0.0,0.0,0.0,0.0,0.0,0.0,0.0,0.0,0.0,0.0,0.0,73.72,50.0,Medium,No
5e8f8007-e436-4d2a-a76f-054ae5ef856b,CSE,6.02,18.0,39.0,70.26,21.0,47.0,60.29,21.0,51.0,74.6,18.0,56.0,77.45,16.0,43.0,57.74,0.0,0.0,0.0,0.0,0.0,0.0,0.0,0.0,0.0,0.0,0.0,0.0,0.0,0.0,0.0,82.73,66.0,Medium,No
8c9305b7-79af-4b6e-b0e6-f77b0b6d0df0,CSE,6.73,18.0,60.0,83.03,21.0,45.0,75.15,19.0,54.0,74.87,21.0,49.0,70.35,21.0,58.0,88.21,0.0,0.0,0.0,0.0,0.0,0.0,0.0,0.0,0.0,0.0,0.0,0.0,0.0,0.0,0.0,87.33,73.2,Medium,No
578d3d47-8723-4e83-809a-91dff4341e5c,CSE,7.47,15.0,42.0,56.0,16.0,49.0,72.9,16.0,53.0,75.08,17.0,51.0,74.04,20.0,46.0,71.25,0.0,0.0,0.0,0.0,0.0,0.0,0.0,0.0,0.0,0.0,0.0,0.0,0.0,0.0,0.0,76.92,65.0,Medium,No
bc5683fb-41a2-457d-8eaf-daa0a891ca35,CSE,6.57,25.0,54.0,81.01,23.0,51.0,78.18,17.0,53.0,63.6,20.0,51.0,77.68,20.0,48.0,64.84,0.0,0.0,0.0,0.0,0.0,0.0,0.0,0.0,0.0,0.0,0.0,0.0,0.0,0.0,0.0,66.1,72.4,Medium,No
c16fcaf3-522f-48ec-9926-ee742603eca9,CSE,7.48,18.0,49.0,70.18,16.0,51.0,77.57,18.0,50.0,78.09,18.0,58.0,74.74,17.0,54.0,73.57,11.0,17.0,67.97,11.0,21.0,68.64,10.0,19.0,50.0,13.0,22.0,76.12,13.0,21.0,81.88,66.45,67.6,Medium,No
efe48b55-97ce-49cf-87dd-ac53ea752845,CSE,5.19,19.0,46.0,70.07,14.0,39.0,62.03,18.0,51.0,66.07,17.0,45.0,67.18,15.0,44.0,72.15,10.0,17.0,58.93,13.0,19.0,70.39,10.0,15.0,50.0,11.0,17.0,58.72,12.0,19.0,70.65,76.94,60.13,Medium,No
27a6cd4f-da0c-4362-8785-8a237f43a34d,CSE,5.19,16.0,44.0,60.09,18.0,46.0,72.33,15.0,47.0,68.59,17.0,49.0,75.68,18.0,50.0,70.81,12.0,26.0,83.24,11.0,24.0,78.21,11.0,23.0,71.21,11.0,19.0,63.51,13.0,25.0,79.62,81.22,66.0,Medium,No
ea26321c-229e-4a1a-baa7-d070670fe493,CSE,7.73,25.0,60.0,84.28,19.0,50.0,73.45,21.0,47.0,73.84,18.0,49.0,76.29,23.0,60.0,84.94,14.0,26.0,74.81,15.0,20.0,73.57,14.0,25.0,76.94,12.0,21.0,74.26,13.0,24.0,72.06,90.19,74.13,Medium,No
f2746a97-9e39-422f-80b1-90ef5417b747,CSE,5.8,20.0,44.0,68.73,16.0,38.0,58.14,17.0,45.0,64.54,14.0,38.0,59.87,14.0,34.0,54.91,9.0,13.0,50.0,10.0,16.0,50.0,10.0,22.0,78.84,11.0,21.0,69.45,10.0,16.0,56.04,75.92,55.73,Medium,No
2adf2941-530f-4291-af5c-6165f886e415,CSE,8.28,28.0,70.0,98.32,28.0,66.0,100.0,27.0,58.0,85.8,28.0,70.0,100.0,23.0,66.0,88.64,14.0,30.0,90.63,18.0,30.0,99.53,16.0,30.0,94.47,16.0,30.0,93.71,16.0,30.0,97.03,62.79,92.53,High,No
04cae4d7-0fff-4c42-9384-7e744dfa8b8a,CSE,8.91,26.0,67.0,88.89,22.0,63.0,92.76,27.0,59.0,84.7,25.0,70.0,94.94,21.0,61.0,88.96,15.0,30.0,94.33,17.0,22.0,76.47,16.0,23.0,85.55,17.0,24.0,91.23,19.0,25.0,88.84,91.23,86.53,High,No
7cd13eb5-a503-4a2e-b3be-5f1546362dfa,CSE,6.54,15.0,49.0,58.1,21.0,60.0,85.73,18.0,52.0,68.93,18.0,58.0,82.26,20.0,59.0,86.59,11.0,22.0,69.34,15.0,25.0,86.1,10.0,24.0,76.86,11.0,21.0,65.46,12.0,20.0,74.73,100.0,72.13,Medium,No
6efd08a4-fa38-4421-a6b0-dd253b7fc6c5,CSE,6.1,18.0,47.0,64.67,18.0,40.0,58.14,17.0,51.0,70.51,14.0,46.0,65.91,18.0,47.0,69.19,9.0,20.0,70.1,10.0,21.0,67.21,10.0,17.0,63.22,10.0,18.0,59.34,10.0,23.0,72.35,65.86,61.87,Medium,No
40fefb3f-c8b2-4241-98c0-2e59907f751b,CSE,8.33,26.0,62.0,91.03,30.0,67.0,100.0,25.0,70.0,100.0,26.0,70.0,100.0,24.0,62.0,92.54,16.0,30.0,95.02,18.0,25.0,87.26,18.0,30.0,98.5,15.0,30.0,97.89,16.0,24.0,81.27,70.83,91.2,High,No
1e250622-1f9a-4a4a-b762-3128f2a5550d,CSE,5.21,16.0,37.0,50.0,14.0,43.0,62.27,12.0,35.0,53.09,12.0,35.0,55.72,12.0,40.0,62.75,9.0,16.0,50.0,8.0,13.0,51.39,9.0,16.0,50.0,10.0,19.0,58.58,9.0,15.0,51.15,82.78,50.67,Medium,No
12447358-0413-418a-8a28-f2bd96643198,CSE,7.33,23.0,51.0,79.46,26.0,61.0,98.95,23.0,63.0,94.0,18.0,54.0,79.31,19.0,58.0,89.72,14.0,21.0,75.57,14.0,28.0,89.66,13.0,29.0,85.74,15.0,22.0,79.43,12.0,23.0,76.96,72.52,78.27,High,No
d22a7c42-0593-4ff4-b119-29c0125f2d82,CSE,5.8,19.0,48.0,72.98,21.0,51.0,77.23,21.0,57.0,77.68,15.0,45.0,62.39,18.0,49.0,70.11,15.0,23.0,87.39,10.0,22.0,74.01,11.0,22.0,64.61,13.0,26.0,85.29,12.0,17.0,60.18,86.66,68.67,Medium,No
6a80ddc0-bec4-4bee-87ba-7e77344d0930,CSE,7.96,18.0,57.0,79.51,25.0,61.0,90.01,20.0,63.0,89.03,23.0,60.0,88.38,24.0,62.0,92.95,13.0,27.0,85.52,12.0,28.0,88.34,17.0,27.0,95.64,14.0,22.0,73.71,14.0,22.0,69.05,68.38,81.2,High,No
34724e36-122c-4b23-825d-4284ac6d8884,CSE,8.19,24.0,63.0,94.25,18.0,55.0,79.63,27.0,58.0,91.68,21.0,54.0,90.03,19.0,59.0,84.32,18.0,26.0,94.47,13.0,25.0,79.27,13.0,26.0,86.29,15.0,28.0,98.48,12.0,23.0,78.77,78.88,79.6,High,No
e5243bd3-e8aa-452a-8d5e-f7427f18f6b2,CSE,4.39,14.0,29.0,50.0,13.0,28.0,50.0,8.0,27.0,51.88,8.0,25.0,50.0,12.0,35.0,50.0,10.0,14.0,51.94,9.0,14.0,51.71,5.0,11.0,50.0,6.0,10.0,50.0,7.0,14.0,50.0,82.14,39.87,Low,Yes
ff0c59ba-4bd3-419c-a746-541292584f52,CSE,7.67,22.0,59.0,83.04,23.0,54.0,86.09,20.0,64.0,87.4,18.0,51.0,66.22,24.0,55.0,87.6,15.0,27.0,77.3,10.0,23.0,72.06,10.0,23.0,73.84,16.0,24.0,84.7,15.0,24.0,79.52,85.18,76.93,High,No
17563571-1c78-4dfc-bf4e-7de7153afd21,CSE,9.81,24.0,67.0,96.47,21.0,57.0,81.68,22.0,55.0,81.56,26.0,69.0,94.55,30.0,66.0,100.0,15.0,30.0,95.07,14.0,25.0,77.7,18.0,30.0,100.0,14.0,30.0,95.29,14.0,30.0,93.36,92.93,87.6,High,No
4e5cc3bd-4faa-4888-befb-8eac3070b99a,CSE,7.03,18.0,52.0,72.23,19.0,54.0,76.99,22.0,47.0,78.11,23.0,57.0,87.55,18.0,56.0,83.4,12.0,22.0,73.41,16.0,24.0,91.72,17.0,23.0,83.46,13.0,22.0,75.52,10.0,23.0,75.94,78.27,73.07,Medium,No
242fee2a-dc4d-4a58-bb9a-9ef420488cc8,CSE,7.51,20.0,61.0,78.05,20.0,58.0,80.52,17.0,50.0,58.73,24.0,50.0,86.0,23.0,59.0,92.23,15.0,26.0,82.13,12.0,23.0,75.69,11.0,23.0,70.99,12.0,21.0,62.85,16.0,26.0,80.13,78.61,75.6,High,No
f9488d51-34cb-4fef-bf84-5b38cfb2c170,CSE,6.77,16.0,49.0,74.61,18.0,54.0,89.82,21.0,52.0,74.79,17.0,46.0,67.85,22.0,50.0,68.78,14.0,21.0,71.05,12.0,23.0,67.36,11.0,18.0,65.71,12.0,21.0,64.03,9.0,20.0,62.57,68.06,67.47,Medium,No
ff2c17ea-69d7-4b13-9723-d0f989065043,CSE,6.55,19.0,50.0,73.28,16.0,46.0,65.74,21.0,46.0,75.59,20.0,55.0,84.35,23.0,51.0,77.98,12.0,17.0,59.98,12.0,17.0,64.03,11.0,21.0,66.08,10.0,21.0,59.57,11.0,18.0,60.93,78.82,66.27,Medium,No
0d32eb51-5473-4f5e-a08a-e3853a254765,CSE,6.39,18.0,49.0,65.92,20.0,44.0,66.13,16.0,52.0,65.57,21.0,44.0,72.21,22.0,48.0,68.74,13.0,18.0,59.29,11.0,21.0,68.88,12.0,20.0,64.54,11.0,17.0,60.55,12.0,16.0,67.14,76.09,64.67,Medium,No
68d36748-77d6-450d-916f-eaa173ebc5d6,CSE,6.16,20.0,52.0,82.47,14.0,48.0,64.48,18.0,44.0,67.34,17.0,41.0,58.05,14.0,45.0,65.76,11.0,21.0,73.4,11.0,21.0,67.73,14.0,23.0,77.42,9.0,20.0,69.16,12.0,25.0,84.35,59.26,64.0,Medium,Yes
16304552-6234-44bc-8e04-504a85b5dd96,CSE,7.99,23.0,58.0,94.64,25.0,64.0,87.23,23.0,50.0,84.17,22.0,66.0,91.55,21.0,66.0,87.67,13.0,21.0,77.56,14.0,25.0,83.43,12.0,26.0,79.39,15.0,28.0,87.13,12.0,25.0,84.74,80.33,81.2,High,No
65ab0210-e040-4112-99f1-15e26a329898,CSE,7.13,24.0,56.0,84.01,21.0,57.0,74.35,19.0,43.0,64.14,18.0,49.0,69.41,20.0,43.0,74.21,14.0,25.0,92.77,14.0,24.0,76.24,11.0,19.0,77.84,14.0,25.0,81.74,13.0,26.0,79.84,86.38,71.33,Medium,No
3b570741-8a39-46fb-aa72-50b4edb7657c,CSE,7.99,24.0,57.0,85.23,18.0,54.0,76.82,17.0,52.0,75.3,23.0,55.0,81.66,22.0,50.0,85.1,13.0,29.0,88.69,14.0,24.0,80.03,12.0,23.0,75.79,13.0,25.0,79.52,11.0,22.0,69.08,80.52,74.4,Medium,No
44d1c462-d633-4054-9fa2-ee503c1babfd,CSE,7.06,27.0,56.0,87.79,19.0,58.0,79.92,18.0,57.0,82.99,24.0,57.0,77.59,26.0,54.0,85.82,14.0,21.0,81.25,13.0,25.0,83.87,11.0,23.0,81.4,13.0,20.0,60.26,16.0,25.0,91.6,87.55,76.93,High,No
4c1891d9-8ef7-44e2-8132-37859311d841,CSE,5.07,16.0,44.0,63.58,15.0,39.0,60.61,17.0,40.0,56.45,19.0,48.0,78.4,17.0,39.0,56.73,10.0,24.0,72.89,11.0,18.0,61.87,14.0,20.0,75.88,11.0,15.0,54.74,10.0,19.0,63.75,99.26,59.47,Medium,No
091e5336-fb60-4487-adf7-d7306dbf1d35,CSE,8.17,20.0,62.0,86.22,23.0,67.0,96.65,19.0,62.0,91.12,23.0,55.0,77.16,20.0,54.0,73.16,15.0,25.0,86.5,18.0,26.0,90.43,16.0,24.0,78.73,15.0,24.0,80.11,16.0,26.0,86.59,87.96,81.33,High,No
bb73ab46-6c5a-4cae-b18f-832c051a0bb8,CSE,6.31,18.0,41.0,57.14,17.0,55.0,73.76,15.0,47.0,68.62,19.0,42.0,72.99,17.0,38.0,55.37,0.0,0.0,0.0,0.0,0.0,0.0,0.0,0.0,0.0,0.0,0.0,0.0,0.0,0.0,0.0,82.94,61.8,Medium,No
8cd5285a-a418-467f-a9f6-c5324133db51,CSE,7.32,21.0,53.0,79.8,19.0,44.0,63.94,19.0,46.0,65.53,24.0,53.0,85.13,22.0,56.0,80.89,0.0,0.0,0.0,0.0,0.0,0.0,0.0,0.0,0.0,0.0,0.0,0.0,0.0,0.0,0.0,73.85,71.4,Medium,No
5837e5e3-300c-414d-a742-8f318e1c20c5,CSE,7.88,19.0,55.0,84.68,17.0,50.0,68.48,24.0,57.0,87.42,21.0,58.0,91.15,20.0,44.0,66.24,0.0,0.0,0.0,0.0,0.0,0.0,0.0,0.0,0.0,0.0,0.0,0.0,0.0,0.0,0.0,75.9,73.0,Medium,No
3838f16f-4b4e-4772-a6e6-33fac18e9fd6,CSE,6.93,18.0,40.0,66.36,18.0,52.0,83.89,18.0,42.0,64.78,18.0,49.0,73.55,17.0,48.0,74.82,0.0,0.0,0.0,0.0,0.0,0.0,0.0,0.0,0.0,0.0,0.0,0.0,0.0,0.0,0.0,83.11,64.0,Medium,No
b818b570-90a5-40a8-a3a0-f225a9bf6755,CSE,9.01,26.0,70.0,100.0,25.0,70.0,100.0,30.0,70.0,100.0,28.0,58.0,86.51,30.0,68.0,100.0,0.0,0.0,0.0,0.0,0.0,0.0,0.0,0.0,0.0,0.0,0.0,0.0,0.0,0.0,0.0,89.9,95.0,High,No
8d8e24d7-22d7-4951-a741-a6007c0a9c19,CSE,7.55,20.0,55.0,78.3,18.0,56.0,71.04,21.0,51.0,80.28,26.0,60.0,93.3,26.0,58.0,88.1,0.0,0.0,0.0,0.0,0.0,0.0,0.0,0.0,0.0,0.0,0.0,0.0,0.0,0.0,0.0,75.71,78.2,High,No
18a5c2e3-a4f4-41a2-a4bf-41cd24a5d3dc,CSE,7.84,25.0,56.0,79.81,20.0,62.0,94.03,19.0,56.0,77.77,20.0,61.0,85.88,26.0,57.0,89.58,0.0,0.0,0.0,0.0,0.0,0.0,0.0,0.0,0.0,0.0,0.0,0.0,0.0,0.0,0.0,85.11,80.4,High,No
8bd0f4a0-ac63-47a3-91ca-7d0c0ec8149c,CSE,6.21,18.0,45.0,70.03,18.0,49.0,67.88,17.0,46.0,74.82,17.0,39.0,60.58,16.0,49.0,68.22,0.0,0.0,0.0,0.0,0.0,0.0,0.0,0.0,0.0,0.0,0.0,0.0,0.0,0.0,0.0,93.06,62.8,Medium,No
d52582ab-2c0c-4da0-b536-cc42e62186e6,CSE,6.88,23.0,57.0,80.48,18.0,55.0,83.49,22.0,46.0,67.48,17.0,52.0,63.92,25.0,56.0,92.92,0.0,0.0,0.0,0.0,0.0,0.0,0.0,0.0,0.0,0.0,0.0,0.0,0.0,0.0,0.0,81.06,74.2,Medium,No
c946602d-7c48-4f46-8982-edfd9d5fb30b,CSE,7.3,23.0,51.0,85.37,17.0,49.0,67.9,21.0,56.0,83.12,19.0,55.0,73.84,21.0,47.0,77.89,0.0,0.0,0.0,0.0,0.0,0.0,0.0,0.0,0.0,0.0,0.0,0.0,0.0,0.0,0.0,86.83,71.8,Medium,No
e98a30b7-88d3-4ef8-a062-fe9701f95e29,CSE,6.59,15.0,48.0,63.89,18.0,58.0,80.37,15.0,48.0,70.96,19.0,43.0,74.0,19.0,58.0,79.89,0.0,0.0,0.0,0.0,0.0,0.0,0.0,0.0,0.0,0.0,0.0,0.0,0.0,0.0,0.0,90.0,68.2,Medium,No
d4f14e17-7b1e-4be7-9cae-fdc6b359c046,CSE,9.34,27.0,68.0,94.21,24.0,65.0,93.63,26.0,70.0,100.0,23.0,61.0,86.49,29.0,65.0,89.8,0.0,0.0,0.0,0.0,0.0,0.0,0.0,0.0,0.0,0.0,0.0,0.0,0.0,0.0,0.0,74.38,91.6,High,No
6a87e41e-f9e9-49b3-92ac-4392a6bc7294,CSE,7.81,22.0,48.0,78.28,24.0,53.0,85.87,18.0,48.0,68.43,22.0,56.0,76.9,18.0,49.0,63.64,0.0,0.0,0.0,0.0,0.0,0.0,0.0,0.0,0.0,0.0,0.0,0.0,0.0,0.0,0.0,78.39,71.6,Medium,No
fec883e5-4a74-4c27-a078-9a2b646879a0,CSE,7.6,19.0,57.0,69.96,23.0,52.0,82.15,17.0,53.0,74.98,22.0,58.0,79.23,22.0,56.0,84.22,0.0,0.0,0.0,0.0,0.0,0.0,0.0,0.0,0.0,0.0,0.0,0.0,0.0,0.0,0.0,73.81,75.8,High,No
456209ce-c10e-4994-8330-e2b72cb3964a,CSE,7.45,17.0,41.0,61.86,18.0,44.0,68.32,17.0,41.0,55.63,18.0,51.0,75.42,22.0,46.0,71.12,0.0,0.0,0.0,0.0,0.0,0.0,0.0,0.0,0.0,0.0,0.0,0.0,0.0,0.0,0.0,76.05,63.0,Medium,No
c36a070c-ee38-4aa8-9153-f125669a4e4d,CSE,6.87,21.0,45.0,69.31,21.0,50.0,74.44,17.0,49.0,71.95,19.0,46.0,69.56,22.0,47.0,69.8,0.0,0.0,0.0,0.0,0.0,0.0,0.0,0.0,0.0,0.0,0.0,0.0,0.0,0.0,0.0,61.32,67.4,Medium,No
6192ebb4-8014-4cd7-9a5e-4aed560cfcb5,CSE,7.15,16.0,49.0,69.35,20.0,48.0,66.34,19.0,44.0,69.44,20.0,44.0,61.75,20.0,58.0,83.52,0.0,0.0,0.0,0.0,0.0,0.0,0.0,0.0,0.0,0.0,0.0,0.0,0.0,0.0,0.0,61.96,67.6,Medium,No
6c5d9802-abfb-4548-80b8-27b24fb77647,CSE,6.72,16.0,48.0,67.63,19.0,59.0,86.97,23.0,55.0,81.4,16.0,50.0,71.32,25.0,56.0,86.82,0.0,0.0,0.0,0.0,0.0,0.0,0.0,0.0,0.0,0.0,0.0,0.0,0.0,0.0,0.0,78.55,73.4,Medium,No
276fd21c-1df7-46a4-9e65-4526003a1b00,CSE,8.16,27.0,59.0,84.38,23.0,61.0,87.6,25.0,57.0,90.7,28.0,62.0,91.73,23.0,55.0,87.55,0.0,0.0,0.0,0.0,0.0,0.0,0.0,0.0,0.0,0.0,0.0,0.0,0.0,0.0,0.0,67.24,84.0,High,No
d61ec11a-3a52-46ea-b872-ff40f6e9af0c,CSE,7.99,25.0,53.0,87.8,21.0,58.0,83.52,26.0,58.0,89.41,29.0,66.0,99.83,26.0,57.0,84.72,0.0,0.0,0.0,0.0,0.0,0.0,0.0,0.0,0.0,0.0,0.0,0.0,0.0,0.0,0.0,87.73,83.8,High,No
77c6966a-13eb-4beb-a4fd-8c84d552c48e,CSE,3.71,12.0,28.0,50.0,12.0,26.0,50.0,14.0,33.0,52.43,11.0,25.0,54.49,15.0,35.0,56.31,0.0,0.0,0.0,0.0,0.0,0.0,0.0,0.0,0.0,0.0,0.0,0.0,0.0,0.0,0.0,75.64,42.2,Low,Yes
c4d16441-940e-4fbd-b18c-685ce2c7ce57,CSE,8.11,27.0,70.0,100.0,25.0,70.0,100.0,22.0,63.0,86.94,24.0,70.0,100.0,30.0,68.0,99.16,0.0,0.0,0.0,0.0,0.0,0.0,0.0,0.0,0.0,0.0,0.0,0.0,0.0,0.0,0.0,64.97,93.8,High,No
590167ae-1eb9-495a-be76-33b819baf1c1,CSE,6.07,14.0,40.0,63.35,18.0,40.0,66.94,17.0,47.0,62.03,17.0,44.0,66.47,20.0,48.0,62.07,0.0,0.0,0.0,0.0,0.0,0.0,0.0,0.0,0.0,0.0,0.0,0.0,0.0,0.0,0.0,70.39,61.0,Medium,No
374bdbdb-df3d-4fe2-bc9f-f915e7444564,CSE,6.72,23.0,49.0,85.25,15.0,46.0,55.21,21.0,49.0,74.6,17.0,43.0,65.31,16.0,53.0,72.4,0.0,0.0,0.0,0.0,0.0,0.0,0.0,0.0,0.0,0.0,0.0,0.0,0.0,0.0,0.0,82.26,66.4,Medium,No
c9e08193-08a2-41d2-a540-3a15898ab2cc,CSE,8.24,26.0,66.0,100.0,27.0,61.0,94.6,19.0,59.0,88.44,26.0,69.0,99.52,28.0,62.0,96.97,0.0,0.0,0.0,0.0,0.0,0.0,0.0,0.0,0.0,0.0,0.0,0.0,0.0,0.0,0.0,96.67,88.6,High,No
fc9b18b6-d667-492f-b07d-44f7d2b727b5,CSE,6.64,20.0,44.0,68.79,15.0,45.0,71.28,18.0,44.0,64.47,20.0,48.0,71.67,18.0,47.0,65.99,0.0,0.0,0.0,0.0,0.0,0.0,0.0,0.0,0.0,0.0,0.0,0.0,0.0,0.0,0.0,62.05,63.8,Medium,No
5ae3366f-b95d-4c2e-84a0-ee11927615d4,CSE,7.18,15.0,44.0,63.65,21.0,49.0,77.6,19.0,57.0,71.45,23.0,50.0,80.27,21.0,47.0,74.41,0.0,0.0,0.0,0.0,0.0,0.0,0.0,0.0,0.0,0.0,0.0,0.0,0.0,0.0,0.0,92.69,69.2,Medium,No
970e152d-3e53-444b-ab0c-2db67deb7c8a,CSE,5.29,18.0,38.0,68.2,18.0,41.0,60.74,14.0,43.0,64.14,20.0,42.0,66.67,14.0,31.0,50.0,0.0,0.0,0.0,0.0,0.0,0.0,0.0,0.0,0.0,0.0,0.0,0.0,0.0,0.0,0.0,76.93,55.8,Medium,No
efd411ff-5060-44f5-baa5-86a4fbe72487,CSE,6.22,15.0,38.0,58.13,18.0,47.0,70.24,16.0,52.0,74.57,18.0,45.0,66.66,19.0,52.0,73.47,0.0,0.0,0.0,0.0,0.0,0.0,0.0,0.0,0.0,0.0,0.0,0.0,0.0,0.0,0.0,82.13,64.0,Medium,No
c228b09a-3bea-4e15-b0dd-eab9e7f42d46,CSE,6.32,20.0,50.0,76.12,15.0,41.0,63.52,17.0,49.0,76.02,18.0,42.0,59.2,16.0,44.0,63.32,0.0,0.0,0.0,0.0,0.0,0.0,0.0,0.0,0.0,0.0,0.0,0.0,0.0,0.0,0.0,72.4,62.4,Medium,No
3fcf707a-00ae-4913-8bb9-cbf547ae1173,CSE,7.48,22.0,50.0,83.12,19.0,47.0,70.81,24.0,56.0,80.35,20.0,43.0,74.38,23.0,52.0,79.68,12.0,20.0,68.44,10.0,23.0,70.42,11.0,23.0,70.68,14.0,22.0,76.74,11.0,23.0,67.5,75.9,70.0,Medium,No
d94e2322-8070-4bae-bba1-1d5a70d39bab,CSE,6.68,19.0,43.0,68.5,19.0,48.0,77.26,16.0,46.0,60.59,21.0,50.0,77.31,18.0,52.0,72.81,11.0,25.0,84.72,12.0,24.0,78.69,11.0,21.0,63.95,14.0,25.0,88.5,13.0,23.0,77.27,66.96,68.13,Medium,No
